rating,title,genres
3.0,Entrapment (1999),Crime|Thriller
4.0,For Whom the Bell Tolls (1943),Adventure|Drama|Romance|War
4.0,"Emperor's New Groove, The (2000)",Adventure|Animation|Children|Comedy|Fantasy
2.0,Red Planet (2000),Action|Sci-Fi|Thriller
2.0,Super Mario Bros. (1993),Action|Adventure|Children|Comedy|Fantasy|Sci-Fi
3.0,"Island of Dr. Moreau, The (1996)",Sci-Fi|Thriller
5.0,Silver Linings Playbook (2012),Comedy|Drama
2.0,Pitch Black (2000),Horror|Sci-Fi|Thriller
2.5,Fantastic Four (2005),Action|Adventure|Sci-Fi
3.0,Jumanji (1995),Adventure|Children|Fantasy
4.0,Ghostbusters (a.k.a. Ghost Busters) (1984),Action|Comedy|Sci-Fi
5.0,"Boot, Das (Boat, The) (1981)",Action|Drama|War
5.0,Brazil (1985),Fantasy|Sci-Fi
3.0,Lifeboat (1944),Drama|War
3.5,Rain Man (1988),Drama
4.0,"Usual Suspects, The (1995)",Crime|Mystery|Thriller
3.5,Screamers (1995),Action|Sci-Fi|Thriller
1.0,Margot at the Wedding (2007),Drama
4.0,Help! (1965),Comedy|Musical
2.5,Smokin' Aces (2006),Action|Crime|Drama|Thriller
3.0,"Misérables, Les (2012)",Drama|Musical|Romance|IMAX
3.0,"Russia House, The (1990)",Drama|Thriller
2.0,Ghostbusters II (1989),Comedy|Fantasy|Sci-Fi
5.0,Chicken Run (2000),Animation|Children|Comedy
4.0,Pulp Fiction (1994),Comedy|Crime|Drama|Thriller
5.0,Star Wars: Episode VI - Return of the Jedi (1983),Action|Adventure|Sci-Fi
3.0,Dune (1984),Adventure|Sci-Fi
3.5,Dawn of the Dead (1978),Action|Drama|Horror
1.0,Little Women (1994),Drama
3.5,Birdman: Or (The Unexpected Virtue of Ignorance) (2014),Comedy|Drama
4.5,Natural Born Killers (1994),Action|Crime|Thriller
4.5,Star Wars: Episode V - The Empire Strikes Back (1980),Action|Adventure|Sci-Fi
4.0,Double Indemnity (1944),Crime|Drama|Film-Noir
4.5,1408 (2007),Drama|Horror|Thriller
4.5,Aliens (1986),Action|Adventure|Horror|Sci-Fi
5.0,Out of Sight (1998),Comedy|Crime|Drama|Romance|Thriller
4.0,Three Colors: Blue (Trois couleurs: Bleu) (1993),Drama
4.0,Braveheart (1995),Action|Drama|War
3.0,Beetlejuice (1988),Comedy|Fantasy
5.0,Searching for Bobby Fischer (1993),Drama
4.0,28 Days Later (2002),Action|Horror|Sci-Fi
4.0,"Truth About Cats & Dogs, The (1996)",Comedy|Romance
4.5,Steel Magnolias (1989),Drama
4.5,Gladiator (2000),Action|Adventure|Drama
4.0,Night Watch (Nochnoy dozor) (2004),Action|Fantasy|Horror|Mystery|Sci-Fi|Thriller
4.0,Australia (2008),Adventure|Drama|War|Western
4.0,Key Largo (1948),Crime|Drama|Film-Noir|Thriller
3.0,"Naked Gun 2 1/2: The Smell of Fear, The (1991)",Comedy
2.0,Vanilla Sky (2001),Mystery|Romance|Sci-Fi|Thriller
2.5,Crimes and Misdemeanors (1989),Comedy|Crime|Drama
4.0,Midnight in the Garden of Good and Evil (1997),Crime|Drama|Mystery
2.0,World Trade Center (2006),Drama
1.0,Made in U.S.A. (1966),Crime|Mystery
4.0,What Women Want (2000),Comedy|Romance
4.0,"Cotton Club, The (1984)",Crime|Musical
2.0,Mrs. Doubtfire (1993),Comedy|Drama
4.5,Blade Runner (1982),Action|Sci-Fi|Thriller
4.0,Harold and Maude (1971),Comedy|Drama|Romance
5.0,Let the Right One In (Låt den rätte komma in) (2008),Drama|Fantasy|Horror|Romance
4.5,Spirited Away (Sen to Chihiro no kamikakushi) (2001),Adventure|Animation|Fantasy
3.5,"Terminator, The (1984)",Action|Sci-Fi|Thriller
5.0,Four Rooms (1995),Comedy
5.0,Inception (2010),Action|Crime|Drama|Mystery|Sci-Fi|Thriller|IMAX
5.0,xXx (2002),Action|Crime|Thriller
4.0,End of Days (1999),Action|Fantasy|Horror|Mystery|Thriller
3.0,Batman Forever (1995),Action|Adventure|Comedy|Crime
2.5,Beyond the Lights (2014),Drama
4.5,"Amelie (Fabuleux destin d'Amélie Poulain, Le) (2001)",Comedy|Romance
1.5,Charlie's Angels: Full Throttle (2003),Action|Adventure|Comedy|Crime|Thriller
4.5,Blood Simple (1984),Crime|Drama|Film-Noir
5.0,Toy Story (1995),Adventure|Animation|Children|Comedy|Fantasy
2.0,Babylon A.D. (2008),Action|Adventure|Sci-Fi|Thriller
1.5,Star Trek III: The Search for Spock (1984),Action|Adventure|Sci-Fi
4.0,Bedknobs and Broomsticks (1971),Adventure|Children|Musical
5.0,"Chase, The (1994)",Action|Adventure|Comedy|Crime|Romance|Thriller
3.0,Up (2009),Adventure|Animation|Children|Drama
3.0,Bride Wars (2009),Comedy|Romance
2.0,Wild Wild West (1999),Action|Comedy|Sci-Fi|Western
2.5,Cruel Intentions (1999),Drama
3.5,East is East (1999),Comedy
2.0,Once (2006),Drama|Musical|Romance
3.0,"Candidate, The (1972)",Drama
3.0,Hook (1991),Adventure|Comedy|Fantasy
4.0,Schindler's List (1993),Drama|War
5.0,Casino Royale (2006),Action|Adventure|Thriller
3.0,"Cabinet of Dr. Caligari, The (Cabinet des Dr. Caligari., Das) (1920)",Crime|Fantasy|Horror
4.5,Star Trek (2009),Action|Adventure|Sci-Fi|IMAX
4.0,Chasing Amy (1997),Comedy|Drama|Romance
3.0,Mad Max Beyond Thunderdome (1985),Action|Adventure|Sci-Fi
3.0,Aces: Iron Eagle III (1992),Action
3.5,Flubber (1997),Children|Comedy|Fantasy
4.0,"Fifth Element, The (1997)",Action|Adventure|Comedy|Sci-Fi
5.0,Stepmom (1998),Drama
3.5,Ghost Dog: The Way of the Samurai (1999),Crime|Drama
2.0,Darkness Falls (2003),Horror|Thriller
4.0,Carlito's Way (1993),Crime|Drama
3.5,Mirrors (2008),Horror|Mystery|Thriller
4.5,Sin City (2005),Action|Crime|Film-Noir|Mystery|Thriller
2.0,Driving Miss Daisy (1989),Drama
4.0,My Name Is Bruce (2007),Comedy|Horror
3.5,"Good Morning, Vietnam (1987)",Comedy|Drama|War
5.0,Amadeus (1984),Drama
4.0,"General, The (1926)",Comedy|War
4.5,"Green Mile, The (1999)",Crime|Drama
1.5,Dirty Dancing (1987),Drama|Musical|Romance
4.0,"Palm Beach Story, The (1942)",Comedy
3.5,Blades of Glory (2007),Comedy|Romance
5.0,"Shawshank Redemption, The (1994)",Crime|Drama
4.0,Quiz Show (1994),Drama
4.5,Notorious (1946),Film-Noir|Romance|Thriller
2.5,Sliding Doors (1998),Drama|Romance
4.0,Grosse Pointe Blank (1997),Comedy|Crime|Romance
4.0,"Lord of the Rings: The Return of the King, The (2003)",Action|Adventure|Drama|Fantasy
3.0,Mr. & Mrs. Smith (2005),Action|Adventure|Comedy|Romance
1.5,Home Alone 3 (1997),Children|Comedy
2.5,3 Women (Three Women) (1977),Drama
3.5,Apocalypse Now (1979),Action|Drama|War
3.0,Restrepo (2010),Documentary|War
3.0,Pump Up the Volume (1990),Comedy|Drama
2.5,Easy A (2010),Comedy|Romance
5.0,"Boy in the Striped Pajamas, The (Boy in the Striped Pyjamas, The) (2008)",Drama|War
1.0,American Wedding (American Pie 3) (2003),Comedy
3.0,Monty Python's The Meaning of Life (1983),Comedy
4.0,Quick Change (1990),Comedy|Crime
4.0,Labyrinth (1986),Adventure|Fantasy|Musical
3.5,Who Framed Roger Rabbit? (1988),Adventure|Animation|Children|Comedy|Crime|Fantasy|Mystery
4.5,Forrest Gump (1994),Comedy|Drama|Romance|War
2.0,Romy and Michele's High School Reunion (1997),Comedy
3.5,Men in Black (a.k.a. MIB) (1997),Action|Comedy|Sci-Fi
2.0,Holy Man (1998),Comedy
4.0,Psycho (1960),Crime|Horror
4.0,"Hudsucker Proxy, The (1994)",Comedy
4.0,The Lego Movie (2014),Action|Adventure|Animation|Children|Comedy|Fantasy
4.0,Spy Kids (2001),Action|Adventure|Children|Comedy
4.5,Shrek 2 (2004),Adventure|Animation|Children|Comedy|Musical|Romance
3.5,John Wick (2014),Action|Thriller
4.0,Sneakers (1992),Action|Comedy|Crime|Drama|Sci-Fi
4.0,Crash (1996),Drama|Thriller
4.0,Apollo 13 (1995),Adventure|Drama|IMAX
3.0,"Untouchables, The (1987)",Action|Crime|Drama
4.5,American History X (1998),Crime|Drama
4.0,Dead Poets Society (1989),Drama
3.0,"Firm, The (1993)",Drama|Thriller
2.0,Children of the Corn (1984),Horror|Thriller
5.0,Léon: The Professional (a.k.a. The Professional) (Léon) (1994),Action|Crime|Drama|Thriller
2.5,Starship Troopers (1997),Action|Sci-Fi
2.0,Pocahontas (1995),Animation|Children|Drama|Musical|Romance
3.0,Spy Hard (1996),Comedy
3.5,Over the Hedge (2006),Adventure|Animation|Children|Comedy
4.0,Taken (2008),Action|Crime|Drama|Thriller
4.0,Judgment at Nuremberg (1961),Drama
5.0,Notting Hill (1999),Comedy|Romance
2.5,"Tailor of Panama, The (2001)",Drama|Thriller
3.0,"Jungle Book, The (1967)",Animation|Children|Comedy|Musical
5.0,"Truman Show, The (1998)",Comedy|Drama|Sci-Fi
1.5,Shanghai Noon (2000),Action|Adventure|Comedy|Western
5.0,Charlie's Angels (2000),Action|Comedy
1.0,Alien³ (a.k.a. Alien 3) (1992),Action|Horror|Sci-Fi|Thriller
4.0,Turner & Hooch (1989),Comedy|Crime
3.0,Species (1995),Horror|Sci-Fi
4.0,When Harry Met Sally... (1989),Comedy|Romance
3.0,"Lion King, The (1994)",Adventure|Animation|Children|Drama|Musical|IMAX
3.5,"Frozen Ground, The (2013)",Crime|Drama|Thriller
4.0,"Crying Game, The (1992)",Drama|Romance|Thriller
3.0,True Romance (1993),Crime|Thriller
2.5,Serial Mom (1994),Comedy|Crime|Horror
4.0,Harry Potter and the Order of the Phoenix (2007),Adventure|Drama|Fantasy|IMAX
4.0,Alice in Wonderland (1951),Adventure|Animation|Children|Fantasy|Musical
5.0,One Flew Over the Cuckoo's Nest (1975),Drama
1.0,Howards End (1992),Drama
1.0,"Clockwork Orange, A (1971)",Crime|Drama|Sci-Fi|Thriller
5.0,"Avengers, The (2012)",Action|Adventure|Sci-Fi|IMAX
5.0,L.A. Confidential (1997),Crime|Film-Noir|Mystery|Thriller
5.0,All That Jazz (1979),Drama|Fantasy|Musical
2.5,In the Loop (2009),Comedy
3.0,"Godfather, The (1972)",Crime|Drama
4.0,Black Hawk Down (2001),Action|Drama|War
3.0,Welcome to Collinwood (2002),Comedy|Crime
5.0,Amores Perros (Love's a Bitch) (2000),Drama|Thriller
3.5,Oliver Twist (1948),Adventure|Crime|Drama
2.0,Possession (2002),Drama|Romance
1.0,Powder (1995),Drama|Sci-Fi
3.0,What About Bob? (1991),Comedy
4.5,Robin Hood: Men in Tights (1993),Comedy
3.0,U Turn (1997),Crime|Drama|Mystery
3.5,Adventures in Babysitting (1987),Adventure|Comedy
3.5,Happy Christmas (2014),Comedy|Drama
3.0,"Santa Clause, The (1994)",Comedy|Drama|Fantasy
1.5,Superman Returns (2006),Action|Adventure|Sci-Fi|IMAX
3.5,"Brady Bunch Movie, The (1995)",Comedy
4.0,Signs (2002),Horror|Sci-Fi|Thriller
3.5,Mean Girls (2004),Comedy
4.0,Sister Act (1992),Comedy|Crime
5.0,Dirty Work (1998),Comedy
3.0,"Birds, The (1963)",Horror|Thriller
4.5,And Your Mother Too (Y tu mamá también) (2001),Drama|Romance
4.0,White Men Can't Jump (1992),Comedy|Drama
2.0,Hannibal (2001),Horror|Thriller
3.5,Dances with Wolves (1990),Adventure|Drama|Western
4.0,Picnic at Hanging Rock (1975),Drama|Mystery
4.0,101 Dalmatians (1996),Adventure|Children|Comedy
2.0,Last Action Hero (1993),Action|Adventure|Comedy|Fantasy
4.0,Reality Bites (1994),Comedy|Drama|Romance
5.0,Bring It On (2000),Comedy
4.0,Edward Scissorhands (1990),Drama|Fantasy|Romance
4.0,Blue Streak (1999),Comedy
4.0,Die Hard 2 (1990),Action|Adventure|Thriller
3.0,Young and Innocent (1937),Crime|Thriller
5.0,Black Swan (2010),Drama|Thriller
4.0,Deep Impact (1998),Drama|Sci-Fi|Thriller
4.5,Awakenings (1990),Drama|Mystery
5.0,Spartan (2004),Thriller
3.0,Happy Gilmore (1996),Comedy
3.5,Magnolia (1999),Drama
5.0,Star Wars: Episode IV - A New Hope (1977),Action|Adventure|Sci-Fi
3.5,Donnie Darko (2001),Drama|Mystery|Sci-Fi|Thriller
3.0,Enchanted April (1992),Drama|Romance
4.0,"Thing, The (1982)",Action|Horror|Sci-Fi|Thriller
2.5,Judge Dredd (1995),Action|Crime|Sci-Fi
0.5,"Texas Chainsaw Massacre, The (2003)",Horror
4.0,"Expendables 2, The (2012)",Action|Adventure
3.0,Foxy Brown (1974),Action|Crime|Drama
4.0,Fight Club (1999),Action|Crime|Drama|Thriller
3.0,My Life (1993),Drama
3.5,25th Hour (2002),Crime|Drama
3.5,Larry the Cable Guy: Health Inspector (2006),Comedy
4.0,"Wings of Desire (Himmel über Berlin, Der) (1987)",Drama|Fantasy|Romance
4.0,Maverick (1994),Adventure|Comedy|Western
4.0,Love's Labour's Lost (2000),Comedy|Romance
4.0,Little Big Man (1970),Western
1.0,Book of Shadows: Blair Witch 2 (2000),Crime|Horror|Mystery|Thriller
1.0,StageFright: Aquarius (1987),Horror|Thriller
3.5,"Lover, The (Amant, L') (1992)",Drama|Romance
3.0,Pride & Prejudice (2005),Drama|Romance
4.0,101 Dalmatians (One Hundred and One Dalmatians) (1961),Adventure|Animation|Children
5.0,Twister (1996),Action|Adventure|Romance|Thriller
2.5,Phone Booth (2002),Drama|Thriller
4.0,Beavis and Butt-Head Do America (1996),Adventure|Animation|Comedy|Crime
3.0,Gates of Heaven (1978),Documentary
4.0,Fargo (1996),Comedy|Crime|Drama|Thriller
2.0,"Whole Nine Yards, The (2000)",Comedy|Crime
3.0,Army of Darkness (1993),Action|Adventure|Comedy|Fantasy|Horror
4.0,Jerry Maguire (1996),Drama|Romance
4.0,Armageddon (1998),Action|Romance|Sci-Fi|Thriller
2.0,"Black Dahlia, The (2006)",Crime|Drama|Mystery|Thriller
5.0,Manon of the Spring (Manon des sources) (1986),Drama
1.0,"Box, The (2009)",Drama|Horror|Mystery|Sci-Fi|Thriller
3.5,October Sky (1999),Drama
4.0,Clerks (1994),Comedy
3.5,"Land Before Time, The (1988)",Adventure|Animation|Children|Fantasy
3.5,Gone with the Wind (1939),Drama|Romance|War
5.0,Arlington Road (1999),Thriller
4.0,"Nightmare on Elm Street, A (1984)",Horror|Thriller
4.0,Monty Python and the Holy Grail (1975),Adventure|Comedy|Fantasy
1.0,Cliffhanger (1993),Action|Adventure|Thriller
2.0,Crimson Tide (1995),Drama|Thriller|War
4.0,Jagged Edge (1985),Crime|Romance|Thriller
3.0,Demolition Man (1993),Action|Adventure|Sci-Fi
4.0,Waiting to Exhale (1995),Comedy|Drama|Romance
1.0,Cannonball Run II (1984),Action|Comedy
4.0,Go (1999),Comedy|Crime
4.0,Sister Act 2: Back in the Habit (1993),Comedy
2.0,"Party, The (1968)",Comedy
3.0,Executive Decision (1996),Action|Adventure|Thriller
3.0,"Air Up There, The (1994)",Comedy
4.0,Stoker (2013),Drama|Mystery|Thriller
2.5,Kate & Leopold (2001),Comedy|Romance
3.0,Rocky (1976),Drama
2.5,Lucky Number Slevin (2006),Crime|Drama|Mystery
3.0,I Am Legend (2007),Action|Horror|Sci-Fi|Thriller|IMAX
3.0,Raiders of the Lost Ark (Indiana Jones and the Raiders of the Lost Ark) (1981),Action|Adventure
3.0,Prefontaine (1997),Drama
2.0,Marked for Death (1990),Action|Drama
1.5,"Black Orchid, The (1958)",Drama
2.0,Eraser (1996),Action|Drama|Thriller
4.5,"Fist of Fury (Chinese Connection, The) (Jing wu men) (1972)",Action|Drama|Romance|Thriller
4.5,Broken Flowers (2005),Comedy|Drama
4.5,Ruthless People (1986),Comedy
4.5,Office Space (1999),Comedy|Crime
3.0,FairyTale: A True Story (1997),Children|Drama|Fantasy
4.0,His Girl Friday (1940),Comedy|Romance
4.0,Mad Max: Fury Road (2015),Action|Adventure|Sci-Fi|Thriller
4.5,"Hunt for Red October, The (1990)",Action|Adventure|Thriller
5.0,"Wes Craven's New Nightmare (Nightmare on Elm Street Part 7: Freddy's Finale, A) (1994)",Drama|Horror|Mystery|Thriller
4.0,Sleepless in Seattle (1993),Comedy|Drama|Romance
4.0,"Social Network, The (2010)",Drama
2.0,"King of Marvin Gardens, The (1972)",Crime|Drama
3.0,Moon (2009),Drama|Mystery|Sci-Fi|Thriller
2.5,Contact (1997),Drama|Sci-Fi
3.5,Raising Arizona (1987),Comedy
3.0,Coming to America (1988),Comedy|Romance
2.5,"Daytrippers, The (1996)",Comedy|Drama|Mystery|Romance
2.5,Look Who's Talking Too (1990),Comedy|Romance
4.0,Soul Food (1997),Drama
1.0,Three Men and a Little Lady (1990),Comedy|Romance
4.0,Jingle All the Way (1996),Children|Comedy
4.0,Monty Python's Life of Brian (1979),Comedy
3.0,Interview with the Vampire: The Vampire Chronicles (1994),Drama|Horror
5.0,"Exorcist, The (1973)",Horror|Mystery
4.0,Antz (1998),Adventure|Animation|Children|Comedy|Fantasy
2.0,Runaway Bride (1999),Comedy|Romance
3.0,Dragonheart (1996),Action|Adventure|Fantasy
4.0,Gattaca (1997),Drama|Sci-Fi|Thriller
5.0,In the Line of Fire (1993),Action|Thriller
3.5,Old School (2003),Comedy
3.0,"Omen, The (1976)",Horror|Mystery|Thriller
4.0,Lawrence of Arabia (1962),Adventure|Drama|War
4.0,Shane (1953),Drama|Western
4.0,Sabrina (1954),Comedy|Romance
3.5,X-Men (2000),Action|Adventure|Sci-Fi
3.0,Pirates of the Caribbean: The Curse of the Black Pearl (2003),Action|Adventure|Comedy|Fantasy
3.0,Mulan (1998),Adventure|Animation|Children|Comedy|Drama|Musical|Romance
3.0,"Craft, The (1996)",Drama|Fantasy|Horror|Thriller
5.0,Gran Torino (2008),Crime|Drama
4.0,To Live (Huozhe) (1994),Drama
3.0,"Abyss, The (1989)",Action|Adventure|Sci-Fi|Thriller
2.5,How to Succeed in Business Without Really Trying (1967),Comedy|Musical
4.0,"13th Warrior, The (1999)",Action|Adventure|Fantasy
4.0,Spawn (1997),Action|Adventure|Sci-Fi|Thriller
4.0,Vantage Point (2008),Action|Drama|Thriller
3.5,Nightwatching (2007),Drama|Mystery
3.0,Speed (1994),Action|Romance|Thriller
2.5,"History Boys, The (2006)",Comedy|Drama
5.0,Chariots of Fire (1981),Drama
4.0,Twelve Monkeys (a.k.a. 12 Monkeys) (1995),Mystery|Sci-Fi|Thriller
3.0,So I Married an Axe Murderer (1993),Comedy|Romance|Thriller
4.5,"Maltese Falcon, The (1941)",Film-Noir|Mystery
1.0,Don't Be a Menace to South Central While Drinking Your Juice in the Hood (1996),Comedy|Crime
2.0,Saw V (2008),Crime|Horror|Thriller
2.0,Dumbo (1941),Animation|Children|Drama|Musical
3.5,"Beautiful Mind, A (2001)",Drama|Romance
2.0,Bowling for Columbine (2002),Documentary
5.0,Dark City (1998),Adventure|Film-Noir|Sci-Fi|Thriller
4.5,Session 9 (2001),Horror|Thriller
2.0,Back to School (1986),Comedy
4.0,Smoke (1995),Comedy|Drama
5.0,Hard-Boiled (Lat sau san taam) (1992),Action|Crime|Drama|Thriller
4.5,Face/Off (1997),Action|Crime|Drama|Thriller
5.0,Everything You Always Wanted to Know About Sex * But Were Afraid to Ask (1972),Comedy
5.0,"Bourne Identity, The (2002)",Action|Mystery|Thriller
3.5,"Beautiful Country, The (2004)",Drama
5.0,Bad Santa (2003),Comedy|Crime
4.0,Inglourious Basterds (2009),Action|Drama|War
3.5,One Hour Photo (2002),Drama|Thriller
4.0,Moonstruck (1987),Comedy|Romance
4.0,"Little Princess, A (1995)",Children|Drama
3.5,Popeye (1980),Adventure|Comedy|Musical
4.0,Die Hard: With a Vengeance (1995),Action|Crime|Thriller
3.0,"Three Musketeers, The (1993)",Action|Adventure|Comedy|Romance
2.0,Dark Water (2005),Drama|Horror|Thriller
4.0,"Client, The (1994)",Drama|Mystery|Thriller
4.0,Space Cowboys (2000),Action|Adventure|Comedy|Sci-Fi
4.5,"Monsters, Inc. (2001)",Adventure|Animation|Children|Comedy|Fantasy
5.0,Kids in the Hall: Brain Candy (1996),Comedy
4.0,"Breaking Point, The (1950)",Crime|Drama|Film-Noir
3.0,Casino (1995),Crime|Drama
1.0,All Dogs Go to Heaven (1989),Animation|Children|Comedy|Drama|Fantasy
3.0,Burglar (1987),Comedy|Crime
4.0,Beauty of the Day (Belle de jour) (1967),Drama
3.5,About Schmidt (2002),Comedy|Drama
5.0,To Kill a Mockingbird (1962),Drama
3.0,Thelma & Louise (1991),Adventure|Crime|Drama
2.5,BASEketball (1998),Comedy
1.5,Kingpin (1996),Comedy
4.0,Killing Them Softly (2012),Crime|Drama|Thriller
4.5,Thank You for Smoking (2006),Comedy|Drama
3.5,"Wrestler, The (2008)",Drama
3.0,Reversal of Fortune (1990),Drama
4.0,Zoolander (2001),Comedy
3.0,Jurassic Park (1993),Action|Adventure|Sci-Fi|Thriller
2.0,Star Trek II: The Wrath of Khan (1982),Action|Adventure|Sci-Fi|Thriller
3.0,American Gangster (2007),Crime|Drama|Thriller
2.5,Back to the Future Part III (1990),Adventure|Comedy|Sci-Fi|Western
1.5,Jack-Jack Attack (2005),Adventure|Animation|Children|Comedy
3.5,"Turning Point, The (1977)",Drama|Romance
5.0,"Royal Tenenbaums, The (2001)",Comedy|Drama
2.0,"Postman, The (Postino, Il) (1994)",Comedy|Drama|Romance
3.0,"Cabin in the Woods, The (2012)",Comedy|Horror|Sci-Fi|Thriller
5.0,Cat's Eye (1985),Horror
3.0,Mickey Blue Eyes (1999),Comedy|Romance
1.0,Mixed Nuts (1994),Comedy
2.5,Live Wire (1992),Action
4.0,"Dinner Game, The (Dîner de cons, Le) (1998)",Comedy
4.5,Harry Potter and the Half-Blood Prince (2009),Adventure|Fantasy|Mystery|Romance|IMAX
1.0,Misery (1990),Drama|Horror|Thriller
4.0,Animal House (1978),Comedy
4.0,"Walk in the Sun, A (1945)",War
1.0,Bride of Chucky (Child's Play 4) (1998),Comedy|Horror|Thriller
2.5,No Way Out (1987),Drama|Mystery|Thriller
3.0,"Mosquito Coast, The (1986)",Adventure|Drama|Thriller
3.0,Born on the Fourth of July (1989),Drama|War
5.0,E.T. the Extra-Terrestrial (1982),Children|Drama|Sci-Fi
2.0,Collateral Damage (2002),Action|Thriller
2.0,Valkyrie (2008),Drama|Thriller|War
4.5,Alien (1979),Horror|Sci-Fi
1.0,Halloween: The Curse of Michael Myers (Halloween 6: The Curse of Michael Myers) (1995),Horror|Thriller
2.5,Waterworld (1995),Action|Adventure|Sci-Fi
4.0,Boogie Nights (1997),Drama
2.0,"Van, The (1996)",Comedy|Drama
3.0,Live and Let Die (1973),Action|Adventure|Thriller
4.0,"Last Starfighter, The (1984)",Action|Adventure|Comedy|Sci-Fi
5.0,Star Wars: Episode VII - The Force Awakens (2015),Action|Adventure|Fantasy|Sci-Fi
3.0,The Wild One (1953),Drama
4.0,Predator (1987),Action|Sci-Fi|Thriller
5.0,Seven Samurai (Shichinin no samurai) (1954),Action|Adventure|Drama
5.0,Reservoir Dogs (1992),Crime|Mystery|Thriller
3.0,Mission: Impossible - Ghost Protocol (2011),Action|Adventure|Thriller|IMAX
4.0,Twin Peaks: Fire Walk with Me (1992),Crime|Drama|Mystery|Thriller
4.0,Harvey (1950),Comedy|Fantasy
3.0,Pinocchio (1940),Animation|Children|Fantasy|Musical
4.0,Austin Powers in Goldmember (2002),Comedy
4.0,Talk to Her (Hable con Ella) (2002),Drama|Romance
0.5,Scott Pilgrim vs. the World (2010),Action|Comedy|Fantasy|Musical|Romance
5.0,"Bourne Ultimatum, The (2007)",Action|Crime|Thriller
2.5,Deadfall (2012),Crime|Drama|Thriller
1.5,Pirates of the Caribbean: At World's End (2007),Action|Adventure|Comedy|Fantasy
2.5,"Midnight Meat Train, The (2008)",Horror|Mystery|Thriller
3.0,Hollow Man (2000),Horror|Sci-Fi|Thriller
4.0,"Talented Mr. Ripley, The (1999)",Drama|Mystery|Thriller
3.0,Scary Movie (2000),Comedy|Horror
4.5,Mad Max (1979),Action|Adventure|Sci-Fi
3.0,Napoleon Dynamite (2004),Comedy
2.5,2012 (2009),Action|Drama|Sci-Fi|Thriller
4.0,On the Waterfront (1954),Crime|Drama
3.5,Close Encounters of the Third Kind (1977),Adventure|Drama|Sci-Fi
5.0,Indiana Jones and the Last Crusade (1989),Action|Adventure
2.5,"Girlfriend Experience, The (2009)",Drama
3.0,"Relic, The (1997)",Horror|Thriller
5.0,"Sixth Sense, The (1999)",Drama|Horror|Mystery
3.5,Cape Fear (1991),Thriller
4.0,Overboard (1987),Comedy|Romance
4.0,High Fidelity (2000),Comedy|Drama|Romance
3.0,"Blair Witch Project, The (1999)",Drama|Horror|Thriller
2.0,All of Me (1984),Comedy|Fantasy
3.0,Star Trek: Generations (1994),Adventure|Drama|Sci-Fi
3.0,Emma (1996),Comedy|Drama|Romance
3.0,Billy Elliot (2000),Drama
4.0,"Bachelor and the Bobby-Soxer, The (1947)",Comedy
3.0,Tron (1982),Action|Adventure|Sci-Fi
3.5,Wall Street (1987),Drama
3.0,Die Hard (1988),Action|Crime|Thriller
3.5,Heat (1995),Action|Crime|Thriller
3.0,Nick of Time (1995),Action|Thriller
4.0,Benny & Joon (1993),Comedy|Romance
3.5,Money Train (1995),Action|Comedy|Crime|Drama|Thriller
3.5,Some Like It Hot (1959),Comedy|Crime
4.0,Ghost (1990),Comedy|Drama|Fantasy|Romance|Thriller
2.0,How Stella Got Her Groove Back (1998),Drama|Romance
0.5,Dick Tracy (1990),Action|Crime
2.0,Scary Movie 3 (2003),Comedy|Horror
4.0,Repo Man (1984),Comedy|Sci-Fi
4.0,"Room with a View, A (1986)",Drama|Romance
5.0,Dial M for Murder (1954),Crime|Mystery|Thriller
4.0,Threesome (1994),Comedy|Romance
4.5,"Departed, The (2006)",Crime|Drama|Thriller
4.5,Freedom Writers (2007),Drama
4.0,"Crucible, The (1996)",Drama
4.0,Muppet Treasure Island (1996),Adventure|Children|Comedy|Musical
3.5,"Help, The (2011)",Drama
4.5,Wallace & Gromit: The Wrong Trousers (1993),Animation|Children|Comedy|Crime
4.0,Predator 2 (1990),Action|Sci-Fi|Thriller
4.0,"Dying Gaul, The (2005)",Drama|Romance
4.0,Grandma's Boy (2006),Comedy
3.0,Batman (1989),Action|Crime|Thriller
4.0,Murder by Death (1976),Comedy|Crime|Mystery|Thriller
3.0,Blind Date (1987),Comedy|Romance
4.0,Jaws (1975),Action|Horror
3.0,"Wizard of Oz, The (1939)",Adventure|Children|Fantasy|Musical
3.0,Jack (1996),Comedy|Drama
3.5,Mystery Men (1999),Action|Comedy|Fantasy
2.5,Spy Kids 3-D: Game Over (2003),Action|Adventure|Children
3.0,Aladdin (1992),Adventure|Animation|Children|Comedy|Musical
5.0,Minority Report (2002),Action|Crime|Mystery|Sci-Fi|Thriller
5.0,Happiness (1998),Comedy|Drama
2.0,Back to the Future Part II (1989),Adventure|Comedy|Sci-Fi
2.0,Cube (1997),Horror|Mystery|Sci-Fi|Thriller
3.0,Clear and Present Danger (1994),Action|Crime|Drama|Thriller
3.0,Blue Juice (1995),Comedy|Drama
4.5,Spider-Man 2 (2004),Action|Adventure|Sci-Fi|IMAX
4.5,Double Jeopardy (1999),Action|Crime|Drama|Thriller
2.0,National Lampoon's Van Wilder (2002),Comedy
4.0,Akira (1988),Action|Adventure|Animation|Sci-Fi
3.5,"Snapper, The (1993)",Comedy|Drama
4.5,Wonderland (1999),Drama
3.5,Battle Royale (Batoru rowaiaru) (2000),Action|Drama|Horror|Thriller
4.0,Conan the Barbarian (1982),Action|Adventure|Fantasy
4.5,Inside Man (2006),Crime|Drama|Thriller
2.0,"Poseidon Adventure, The (2005)",Action|Adventure|Drama
3.5,Batman Returns (1992),Action|Crime
2.0,Butterfield 8 (1960),Drama
3.0,Big (1988),Comedy|Drama|Fantasy|Romance
3.0,Men at Work (1990),Action|Comedy
3.5,Basic Instinct (1992),Crime|Mystery|Thriller
3.0,Down by Law (1986),Comedy|Drama|Film-Noir
3.0,Home Alone (1990),Children|Comedy
4.0,Pain & Gain (2013),Action|Comedy|Crime
4.0,Summer Wars (Samâ wôzu) (2009),Adventure|Animation|Comedy|Sci-Fi
4.0,"Decalogue, The (Dekalog) (1989)",Crime|Drama|Romance
3.5,Grindhouse (2007),Action|Crime|Horror|Sci-Fi|Thriller
4.5,L.I.E. (2001),Drama
4.0,Near Dark (1987),Horror|Western
3.0,Family Plot (1976),Comedy|Thriller
2.0,Anchorman: The Legend of Ron Burgundy (2004),Comedy
4.0,"Score, The (2001)",Action|Drama
5.0,Titanic (1997),Drama|Romance
2.5,Paranormal Activity (2009),Horror|Thriller
3.0,"Bug's Life, A (1998)",Adventure|Animation|Children|Comedy
2.5,Baby Geniuses (1999),Comedy
5.0,Jackie Brown (1997),Crime|Drama|Thriller
3.0,European Vacation (aka National Lampoon's European Vacation) (1985),Adventure|Comedy|Romance
3.0,Cyrano de Bergerac (1990),Comedy|Drama|Romance
4.0,Escape from New York (1981),Action|Adventure|Sci-Fi|Thriller
3.0,"Fortune Cookie, The (1966)",Comedy|Drama|Romance
5.0,Laura (1944),Crime|Film-Noir|Mystery
3.0,Taxi Driver (1976),Crime|Drama|Thriller
4.0,Almost Famous (2000),Drama
3.5,C.S.A.: The Confederate States of America (2004),Comedy|Drama
4.5,Tucker & Dale vs Evil (2010),Comedy|Horror
4.0,Herbie Goes to Monte Carlo (1977),Adventure|Children|Comedy
2.0,Made in America (1993),Comedy
4.0,"Thomas Crown Affair, The (1999)",Action|Mystery
5.0,Trainspotting (1996),Comedy|Crime|Drama
2.5,Knight and Day (2010),Action|Comedy|Romance
4.0,Shrek (2001),Adventure|Animation|Children|Comedy|Fantasy|Romance
3.5,Alien Nation (1988),Crime|Drama|Sci-Fi|Thriller
3.5,"Station Agent, The (2003)",Comedy|Drama
4.0,"African Queen, The (1951)",Adventure|Comedy|Romance|War
3.5,Dodgeball: A True Underdog Story (2004),Comedy
3.0,"Piano, The (1993)",Drama|Romance
2.0,Sixteen Candles (1984),Comedy|Romance
3.0,Do the Right Thing (1989),Drama
2.0,X-Men: The Last Stand (2006),Action|Sci-Fi|Thriller
4.0,There Will Be Blood (2007),Drama|Western
3.0,"Fox and the Hound, The (1981)",Animation|Children|Drama
3.0,Rush Hour 3 (2007),Action|Comedy|Crime|Thriller
3.5,Swimming with Sharks (1995),Comedy|Drama
2.5,Hidalgo (2004),Adventure|Drama
2.0,Rocky V (1990),Action|Drama
2.5,"Other Boleyn Girl, The (2008)",Drama|Romance
4.0,Wayne's World (1992),Comedy
4.0,Witness (1985),Drama|Romance|Thriller
3.0,Three Kings (1999),Action|Adventure|Comedy|Drama|War
4.0,Catch Me If You Can (2002),Crime|Drama
3.0,Strange Days (1995),Action|Crime|Drama|Mystery|Sci-Fi|Thriller
3.5,Match Point (2005),Crime|Drama|Romance
3.0,Shoot 'Em Up (2007),Action|Comedy|Crime
4.0,White Squall (1996),Action|Adventure|Drama
4.0,Back to the Future (1985),Adventure|Comedy|Sci-Fi
3.0,"Full Monty, The (1997)",Comedy|Drama
2.5,"American Tail, An (1986)",Adventure|Animation|Children|Comedy
4.5,Tigerland (2000),Drama
5.0,Mr. Wonderful (1993),Comedy|Romance
3.5,Shopgirl (2005),Comedy|Drama|Romance
3.5,"Big Chill, The (1983)",Comedy|Drama
3.0,Gunga Din (1939),Adventure|Comedy|War
3.5,"Princess and the Warrior, The (Krieger und die Kaiserin, Der) (2000)",Drama|Romance
5.0,"Ladykillers, The (1955)",Comedy|Crime
4.0,Rambo (Rambo 4) (2008),Action|Drama|Thriller|War
4.0,"Other Guys, The (2010)",Action|Comedy
3.0,Highlander II: The Quickening (1991),Action|Sci-Fi
3.5,Mary Reilly (1996),Drama|Horror|Thriller
4.0,"Jackal, The (1997)",Action|Thriller
1.5,Next (2007),Action|Sci-Fi|Thriller
4.5,Ponyo (Gake no ue no Ponyo) (2008),Adventure|Animation|Children|Fantasy
3.5,"Wedding Singer, The (1998)",Comedy|Romance
3.0,Ghost in the Shell 2: Innocence (a.k.a. Innocence) (Inosensu) (2004),Action|Animation|Drama|Sci-Fi|Thriller
4.0,"Addams Family, The (1991)",Children|Comedy|Fantasy
2.5,Gangs of New York (2002),Crime|Drama
3.0,Stir of Echoes (1999),Horror|Mystery|Thriller
4.5,Hot Fuzz (2007),Action|Comedy|Crime|Mystery
3.0,Identity (2003),Crime|Horror|Mystery|Thriller
4.0,Lady and the Tramp (1955),Animation|Children|Comedy|Romance
0.5,Days of Thunder (1990),Action|Drama|Romance
3.0,Cradle Will Rock (1999),Drama
3.5,"Road Warrior, The (Mad Max 2) (1981)",Action|Adventure|Sci-Fi
4.0,Groundhog Day (1993),Comedy|Fantasy|Romance
4.0,Star Trek: The Motion Picture (1979),Adventure|Sci-Fi
5.0,Zeitgeist: The Movie (2007),Documentary|War
3.0,Evolution (2001),Comedy|Sci-Fi
2.5,American Pie (1999),Comedy|Romance
4.0,Forbidden Planet (1956),Drama|Sci-Fi
3.5,They (2002),Horror|Thriller
3.0,Philadelphia (1993),Drama
2.0,Lethal Weapon (1987),Action|Comedy|Crime|Drama
5.0,Perfume: The Story of a Murderer (2006),Crime|Drama|Thriller
3.5,Under Siege 2: Dark Territory (1995),Action
3.0,Get Shorty (1995),Comedy|Crime|Thriller
2.5,"Bucket List, The (2007)",Comedy|Drama
3.0,The Hobbit: The Battle of the Five Armies (2014),Adventure|Fantasy
4.5,Brokeback Mountain (2005),Drama|Romance
4.0,Superman II (1980),Action|Sci-Fi
2.0,Ace Ventura: Pet Detective (1994),Comedy
2.0,Being John Malkovich (1999),Comedy|Drama|Fantasy
3.0,Cocoon: The Return (1988),Comedy|Sci-Fi
4.0,There's Something About Mary (1998),Comedy|Romance
2.5,"Brothers Grimm, The (2005)",Comedy|Fantasy|Horror|Thriller
4.5,"Dark Knight Rises, The (2012)",Action|Adventure|Crime|IMAX
4.5,Ratatouille (2007),Animation|Children|Drama
4.0,"League of Their Own, A (1992)",Comedy|Drama
3.0,Red 2 (2013),Action|Comedy|Crime|Thriller
2.5,Kiss Kiss Bang Bang (2005),Comedy|Crime|Mystery|Thriller
2.0,"Cage aux Folles, La (1978)",Comedy
5.0,Say Anything... (1989),Comedy|Drama|Romance
3.5,"Believer, The (2001)",Drama
4.5,Cashback (2006),Comedy|Drama|Romance
4.0,What's Eating Gilbert Grape (1993),Drama
5.0,RoboCop (1987),Action|Crime|Drama|Sci-Fi|Thriller
3.0,Wicker Park (2004),Drama|Romance|Thriller
4.5,"Few Good Men, A (1992)",Crime|Drama|Thriller
3.5,Prisoners (2013),Drama|Mystery|Thriller
2.0,Blade II (2002),Action|Horror|Thriller
3.5,Beauty and the Beast (1991),Animation|Children|Fantasy|Musical|Romance|IMAX
4.0,Highlander (1986),Action|Adventure|Fantasy
3.0,Mimic (1997),Horror|Sci-Fi|Thriller
3.0,"Invisible, The (2007)",Crime|Drama|Fantasy|Mystery|Thriller
4.0,Salt (2010),Action|Thriller
4.0,Breaking Away (1979),Comedy|Drama
3.5,Blue Velvet (1986),Drama|Mystery|Thriller
4.0,"Hurricane, The (1999)",Drama
5.0,Elizabeth (1998),Drama
5.0,Good Will Hunting (1997),Drama|Romance
4.5,Transamerica (2005),Adventure|Comedy|Drama
4.0,Dr. Strangelove or: How I Learned to Stop Worrying and Love the Bomb (1964),Comedy|War
5.0,Primer (2004),Drama|Sci-Fi
4.5,"Man Who Shot Liberty Valance, The (1962)",Crime|Drama|Western
4.0,Man Facing Southeast (1986),Drama|Sci-Fi
3.5,Rise of the Planet of the Apes (2011),Action|Drama|Sci-Fi|Thriller
4.0,"Thirteenth Floor, The (1999)",Drama|Sci-Fi|Thriller
4.0,U.S. Marshals (1998),Action|Crime|Thriller
4.5,Terminator 2: Judgment Day (1991),Action|Sci-Fi
5.0,Atlantic City (1980),Crime|Drama|Romance
2.5,WALL·E (2008),Adventure|Animation|Children|Romance|Sci-Fi
3.5,Teeth (2007),Comedy|Horror
3.5,Heathers (1989),Comedy
4.0,Avengers: Age of Ultron (2015),Action|Adventure|Sci-Fi
4.5,Unbreakable (2000),Drama|Sci-Fi
1.5,Scarface (1983),Action|Crime|Drama
4.0,Dirty Rotten Scoundrels (1988),Comedy
3.5,Don't Be Afraid of the Dark (2010),Horror|Thriller
2.0,Dogma (1999),Adventure|Comedy|Fantasy
3.5,Throw Momma from the Train (1987),Comedy|Crime
2.5,Changeling (2008),Crime|Drama|Mystery
4.0,"Breakfast Club, The (1985)",Comedy|Drama
2.5,Twilight (2008),Drama|Fantasy|Romance|Thriller
3.0,"Mighty Ducks, The (1992)",Children|Comedy
3.0,Defending Your Life (1991),Comedy|Drama|Fantasy|Romance
5.0,Independence Day (a.k.a. ID4) (1996),Action|Adventure|Sci-Fi|Thriller
3.0,"Me, Myself & Irene (2000)",Adventure|Comedy
4.0,Koyaanisqatsi (a.k.a. Koyaanisqatsi: Life Out of Balance) (1983),Documentary
4.0,"Whole Ten Yards, The (2004)",Action|Comedy|Crime
1.0,Black Sheep (2006),Comedy|Horror
2.0,Total Recall (2012),Action|Sci-Fi|Thriller
3.5,Harlan County U.S.A. (1976),Documentary
4.0,"Great Dictator, The (1940)",Comedy|Drama|War
4.0,Fantastic Mr. Fox (2009),Adventure|Animation|Children|Comedy|Crime
5.0,American Psycho (2000),Crime|Horror|Mystery|Thriller
2.0,Religulous (2008),Comedy|Documentary
4.0,"Crow, The (1994)",Action|Crime|Fantasy|Thriller
3.0,Halloween (1978),Horror
4.5,"Mighty Wind, A (2003)",Comedy|Musical
5.0,Rush Hour 2 (2001),Action|Comedy
3.5,Coraline (2009),Animation|Fantasy|Thriller
2.0,While You Were Sleeping (1995),Comedy|Romance
4.5,Night of the Living Dead (1968),Horror|Sci-Fi|Thriller
3.0,Nell (1994),Drama
4.0,Alien: Resurrection (1997),Action|Horror|Sci-Fi
5.0,8 Seconds (1994),Drama
2.0,17 Again (2009),Comedy|Drama
5.0,"Scanner Darkly, A (2006)",Animation|Drama|Mystery|Sci-Fi|Thriller
4.0,"American Werewolf in London, An (1981)",Comedy|Horror|Thriller
5.0,Extreme Measures (1996),Drama|Thriller
4.0,Laputa: Castle in the Sky (Tenkû no shiro Rapyuta) (1986),Action|Adventure|Animation|Children|Fantasy|Sci-Fi
3.5,Keeping the Faith (2000),Comedy|Drama|Romance
0.5,Police Academy 5: Assignment: Miami Beach (1988),Comedy|Crime
5.0,Airplane! (1980),Comedy
4.0,The Thief (1997),Drama
3.0,"Longest Yard, The (2005)",Comedy|Drama
3.5,Hitch (2005),Comedy|Romance
4.0,Casablanca (1942),Drama|Romance
0.5,Dark Days (2000),Documentary
3.0,Year One (2009),Adventure|Comedy
1.0,Escape from L.A. (1996),Action|Adventure|Sci-Fi|Thriller
4.0,Midnight (1939),Comedy|Romance
4.0,"Lion in Winter, The (1968)",Drama
2.5,G.I. Joe: The Rise of Cobra (2009),Action|Adventure|Sci-Fi|Thriller
4.0,"Long Kiss Goodnight, The (1996)",Action|Drama|Thriller
4.5,City of God (Cidade de Deus) (2002),Action|Adventure|Crime|Drama|Thriller
2.0,Godzilla 2000 (Gojira ni-sen mireniamu) (1999),Action|Adventure|Sci-Fi
4.0,Chinatown (1974),Crime|Film-Noir|Mystery|Thriller
4.0,"Descendants, The (2011)",Comedy|Drama
3.0,Any Given Sunday (1999),Drama
3.0,Jude (1996),Drama
3.0,Love Me Tender (1956),Musical|Western
3.0,Kopps (2003),Action|Comedy
3.0,Kingsman: The Secret Service (2015),Action|Adventure|Comedy|Crime
4.5,"Lost Boys, The (1987)",Comedy|Horror|Thriller
3.5,Insidious (2010),Fantasy|Horror|Thriller
4.0,Summer of Sam (1999),Drama
2.5,"Hunting and Gathering (Ensemble, c'est tout) (2007)",Drama|Romance
4.0,Road to Perdition (2002),Crime|Drama
1.0,"Age of Innocence, The (1993)",Drama
4.0,"Rules of the Game, The (La règle du jeu) (1939)",Comedy|Drama
3.5,Harry Potter and the Deathly Hallows: Part 1 (2010),Action|Adventure|Fantasy|IMAX
3.5,"Phantom of the Opera, The (1925)",Drama|Horror
1.5,RoboCop 3 (1993),Action|Crime|Drama|Sci-Fi|Thriller
3.5,Gia (1998),Drama|Romance
5.0,Rushmore (1998),Comedy|Drama
4.5,Henry Fool (1997),Comedy|Drama
3.5,Father of the Bride Part II (1995),Comedy
4.0,Kolya (Kolja) (1996),Comedy|Drama
3.5,Super Troopers (2001),Comedy|Crime|Mystery
3.0,"Pallbearer, The (1996)",Comedy
1.0,"Karate Kid, Part II, The (1986)",Action|Adventure|Drama
1.0,Stigmata (1999),Drama|Thriller
1.0,Fatal Beauty (1987),Action|Comedy|Crime|Drama
1.0,"Waterboy, The (1998)",Comedy
3.5,"Play It Again, Sam (1972)",Comedy|Romance
3.5,"Winged Migration (Peuple migrateur, Le) (2001)",Documentary
4.0,Inside Out (2015),Animation|Children|Comedy
3.0,Law Abiding Citizen (2009),Drama|Thriller
4.0,Dirty Pretty Things (2002),Crime|Drama|Thriller
3.0,Ali G Indahouse (2002),Comedy
4.0,"Lord of the Rings: The Fellowship of the Ring, The (2001)",Adventure|Fantasy
3.5,Finding Nemo (2003),Adventure|Animation|Children|Comedy
4.5,"Triplets of Belleville, The (Les triplettes de Belleville) (2003)",Animation|Comedy|Fantasy
3.0,Johnny Mnemonic (1995),Action|Sci-Fi|Thriller
4.0,For Your Eyes Only (1981),Action|Adventure|Thriller
2.0,"Watch, The (2012)",Comedy|Sci-Fi
4.5,Love Actually (2003),Comedy|Drama|Romance
1.0,"Adventures of Rocky and Bullwinkle, The (2000)",Adventure|Animation|Children|Comedy|Fantasy
4.0,Snow White and the Seven Dwarfs (1937),Animation|Children|Drama|Fantasy|Musical
3.5,It's Complicated (2009),Comedy|Romance
2.5,I Spy (2002),Action|Adventure|Comedy|Crime
4.0,Goldfinger (1964),Action|Adventure|Thriller
1.0,Ferngully: The Last Rainforest (1992),Animation|Children|Comedy|Musical
2.0,"O Brother, Where Art Thou? (2000)",Adventure|Comedy|Crime
3.5,40 Days and 40 Nights (2002),Comedy|Romance
3.5,In a Lonely Place (1950),Drama|Film-Noir|Mystery|Romance
4.0,Lone Star (1996),Drama|Mystery|Western
4.0,Toy Story 2 (1999),Adventure|Animation|Children|Comedy|Fantasy
3.5,Chicago (2002),Comedy|Crime|Drama|Musical
5.0,Goodfellas (1990),Crime|Drama
5.0,Single White Female (1992),Drama|Thriller
5.0,Crank: High Voltage (2009),Action|Comedy|Crime
3.0,"Sword in the Stone, The (1963)",Animation|Children|Fantasy|Musical
4.0,Gremlins (1984),Comedy|Horror
1.0,Re-Animator (1985),Comedy|Horror|Sci-Fi
2.0,Blazing Saddles (1974),Comedy|Western
4.0,Resident Evil (2002),Action|Horror|Sci-Fi|Thriller
4.0,Kill Bill: Vol. 2 (2004),Action|Drama|Thriller
2.0,Young Guns II (1990),Action|Western
5.0,Ip Man (2008),Action|Drama|War
3.0,Django Unchained (2012),Action|Drama|Western
3.5,Enemy of the State (1998),Action|Thriller
3.5,National Lampoon's Vacation (1983),Comedy
1.0,"Village, The (2004)",Drama|Mystery|Thriller
3.0,Tin Cup (1996),Comedy|Drama|Romance
3.0,Machete (2010),Action|Adventure|Comedy|Crime|Thriller
2.5,House Arrest (1996),Children|Comedy
4.0,"Dirty Dozen, The (1967)",Action|Drama|War
3.0,"Good, the Bad and the Ugly, The (Buono, il brutto, il cattivo, Il) (1966)",Action|Adventure|Western
3.5,As Good as It Gets (1997),Comedy|Drama|Romance
3.0,"Juror, The (1996)",Drama|Thriller
2.5,Murphy's Law (1986),Action
3.5,A.I. Artificial Intelligence (2001),Adventure|Drama|Sci-Fi
5.0,"Matrix, The (1999)",Action|Sci-Fi|Thriller
2.0,Billy's Hollywood Screen Kiss (1997),Comedy|Romance
4.0,Clueless (1995),Comedy|Romance
2.0,Encino Man (1992),Comedy
5.0,Children of a Lesser God (1986),Drama
4.0,South Pacific (1958),Musical|Romance|War
3.0,"Pillow Book, The (1996)",Drama|Romance
2.5,K-PAX (2001),Drama|Fantasy|Mystery|Sci-Fi
4.5,"Conversation, The (1974)",Drama|Mystery
2.5,Puppet Master (1989),Horror|Sci-Fi|Thriller
3.0,Resident Evil: Afterlife (2010),Action|Horror|Sci-Fi|Thriller|IMAX
4.0,Pollock (2000),Drama
1.5,Pee-wee's Big Adventure (1985),Adventure|Comedy
4.0,Mulholland Drive (2001),Crime|Drama|Film-Noir|Mystery|Thriller
3.0,Major League (1989),Comedy
3.0,"Man Who Knew Too Little, The (1997)",Comedy|Crime|Thriller
5.0,Full Metal Jacket (1987),Drama|War
2.0,Bringing Down the House (2003),Comedy
4.0,Butch Cassidy and the Sundance Kid (1969),Action|Western
3.5,Very Ordinary Couple (Yeonaeui Wondo) (2013),Comedy|Drama|Romance
3.0,Doc Hollywood (1991),Comedy|Romance
4.0,Sin Nombre (2009),Crime|Drama|Thriller
4.0,Romancing the Stone (1984),Action|Adventure|Comedy|Romance
5.0,Star Wars: Episode II - Attack of the Clones (2002),Action|Adventure|Sci-Fi|IMAX
3.0,Seraphim Falls (2006),Action|Adventure|Drama|War|Western
3.5,Mission: Impossible (1996),Action|Adventure|Mystery|Thriller
4.0,"Streetcar Named Desire, A (1951)",Drama
4.0,Anchors Aweigh (1945),Comedy|Musical
2.5,And the Band Played On (1993),Drama
5.0,Oliver! (1968),Drama|Musical
3.5,Intolerable Cruelty (2003),Comedy|Romance
5.0,"39 Steps, The (1935)",Drama|Mystery|Thriller
4.0,"Simple Plan, A (1998)",Crime|Drama|Thriller
4.0,Pete's Dragon (1977),Adventure|Animation|Children|Musical
4.5,"River Runs Through It, A (1992)",Drama
3.5,Vanity Fair (2004),Drama|Romance
3.0,Diamonds Are Forever (1971),Action|Adventure|Thriller
5.0,"Incredibles, The (2004)",Action|Adventure|Animation|Children|Comedy
5.0,Stargate (1994),Action|Adventure|Sci-Fi
4.0,"Wages of Fear, The (Salaire de la peur, Le) (1953)",Action|Adventure|Drama|Thriller
1.0,Pretty Woman (1990),Comedy|Romance
3.5,Clockers (1995),Crime|Drama|Mystery
2.5,How the West Was Won (1962),Adventure|Drama|Western
5.0,50 First Dates (2004),Comedy|Romance
3.0,Operation Dumbo Drop (1995),Action|Adventure|Comedy|War
2.5,Shaft (2000),Action|Crime|Thriller
4.5,Beverly Hills Cop (1984),Action|Comedy|Crime|Drama
4.0,"Family Man, The (2000)",Comedy|Drama|Romance
3.5,"Game, The (1997)",Drama|Mystery|Thriller
1.0,Meet the Fockers (2004),Comedy
3.0,Weird Science (1985),Comedy|Fantasy|Sci-Fi
4.5,"Dark Knight, The (2008)",Action|Crime|Drama|IMAX
4.0,Young Frankenstein (1974),Comedy|Fantasy
4.0,"Last Days of Disco, The (1998)",Comedy|Drama
3.0,"Time Machine, The (2002)",Action|Adventure|Sci-Fi
4.0,Mallrats (1995),Comedy|Romance
4.0,Hero (Ying xiong) (2002),Action|Adventure|Drama
4.0,"Spy Who Loved Me, The (1977)",Action|Adventure|Thriller
4.0,Who's Afraid of Virginia Woolf? (1966),Drama
2.0,Star Wars: Episode I - The Phantom Menace (1999),Action|Adventure|Sci-Fi
3.5,Big Momma's House (2000),Comedy
5.0,"Crouching Tiger, Hidden Dragon (Wo hu cang long) (2000)",Action|Drama|Romance
3.0,Payback (1999),Action|Thriller
3.5,End of Watch (2012),Crime|Drama|Thriller
3.0,Bill & Ted's Excellent Adventure (1989),Adventure|Comedy|Sci-Fi
3.0,Liar Liar (1997),Comedy
3.5,Grease (1978),Comedy|Musical|Romance
5.0,Grave of the Fireflies (Hotaru no haka) (1988),Animation|Drama|War
4.0,Coup de torchon (Clean Slate) (1981),Crime
3.0,Dangerous Minds (1995),Drama
4.0,Memento (2000),Mystery|Thriller
4.0,"Savages, The (2007)",Comedy|Drama
5.0,Fear and Loathing in Las Vegas (1998),Adventure|Comedy|Drama
4.0,Strictly Ballroom (1992),Comedy|Romance
3.5,City of Ember (2008),Adventure|Children|Sci-Fi
5.0,2001: A Space Odyssey (1968),Adventure|Drama|Sci-Fi
4.0,Avalon (1990),Drama
3.0,"Fast Five (Fast and the Furious 5, The) (2011)",Action|Crime|Drama|Thriller|IMAX
4.5,Ocean's Eleven (2001),Crime|Thriller
3.5,Rob Roy (1995),Action|Drama|Romance|War
4.0,Tortilla Soup (2001),Comedy|Romance
3.0,This Is Spinal Tap (1984),Comedy
4.0,"Net, The (1995)",Action|Crime|Thriller
3.0,Princess Mononoke (Mononoke-hime) (1997),Action|Adventure|Animation|Drama|Fantasy
4.5,Ghost Rider: Spirit of Vengeance (2012),Action|Fantasy|Thriller
3.0,Best in Show (2000),Comedy
3.0,"Spanish Apartment, The (L'auberge espagnole) (2002)",Comedy|Drama|Romance
4.0,Eyes Wide Shut (1999),Drama|Mystery|Thriller
4.0,Top Gun (1986),Action|Romance
4.5,"Hustler, The (1961)",Drama
3.5,"Day the Earth Stood Still, The (2008)",Drama|Sci-Fi|Thriller|IMAX
4.0,Private Parts (1997),Comedy|Drama
1.0,"South Park: Bigger, Longer and Uncut (1999)",Animation|Comedy|Musical
3.0,"Year of Living Dangerously, The (1982)",Drama|Romance|War
4.0,Gremlins 2: The New Batch (1990),Comedy|Horror
4.0,Charade (1963),Comedy|Crime|Mystery|Romance|Thriller
3.5,"Man Who Came to Dinner, The (1942)",Comedy
4.0,Barbershop (2002),Comedy
5.0,Wallace & Gromit: The Best of Aardman Animation (1996),Adventure|Animation|Comedy
2.5,Romeo and Juliet (1936),Drama|Romance
3.0,Vertical Limit (2000),Action|Adventure
3.0,"Cat from Outer Space, The (1978)",Children|Comedy|Sci-Fi
4.0,Barry Lyndon (1975),Drama|Romance|War
2.5,The Pirates (2014),Adventure
3.0,Indiana Jones and the Temple of Doom (1984),Action|Adventure|Fantasy
2.5,Sex and the City (2008),Comedy|Romance
4.5,Planet of the Apes (1968),Action|Drama|Sci-Fi
5.0,Modern Times (1936),Comedy|Drama|Romance
2.5,Men of Honor (2000),Drama
3.5,Charlotte's Web (2006),Children|Comedy|Drama|Fantasy
1.5,Kindergarten Cop (1990),Action|Comedy|Crime|Thriller
2.5,Congo (1995),Action|Adventure|Mystery|Sci-Fi
1.5,"Eye, The (2008)",Drama|Horror|Thriller
1.0,Dead Man Walking (1995),Crime|Drama
3.0,Weekend at Bernie's (1989),Comedy
4.0,Save the Last Dance (2001),Drama|Romance
4.5,Choke (2008),Comedy|Drama
2.0,Good Luck Chuck (2007),Comedy|Romance
3.0,My Week with Marilyn (2011),Drama
4.0,Desperado (1995),Action|Romance|Western
5.0,Ghosts of Mississippi (1996),Drama
4.0,Collateral (2004),Action|Crime|Drama|Thriller
2.5,Twilight Zone: The Movie (1983),Fantasy|Horror|Sci-Fi|Thriller
4.0,Grand Canyon (1991),Crime|Drama
5.0,"Graduate, The (1967)",Comedy|Drama|Romance
3.5,Hannah and Her Sisters (1986),Comedy|Drama|Romance
2.0,"League of Extraordinary Gentlemen, The (a.k.a. LXG) (2003)",Action|Fantasy|Sci-Fi
4.5,"Black Cauldron, The (1985)",Adventure|Animation|Children|Fantasy
4.0,Lord of War (2005),Action|Crime|Drama|Thriller|War
4.0,Paths of Glory (1957),Drama|War
3.5,"Constant Gardener, The (2005)",Drama|Thriller
2.0,Innerspace (1987),Action|Adventure|Comedy|Sci-Fi
2.0,Tank Girl (1995),Action|Comedy|Sci-Fi
5.0,"Place in the Sun, A (1951)",Drama|Romance
4.0,Monsters University (2013),Adventure|Animation|Comedy
2.0,Deep Rising (1998),Action|Horror|Sci-Fi
4.5,Shine (1996),Drama|Romance
1.0,Mulberry Street (2006),Action|Horror|Thriller
3.0,Happy-Go-Lucky (2008),Comedy|Drama
2.0,Nutty Professor II: The Klumps (2000),Comedy
3.5,Lars and the Real Girl (2007),Comedy|Drama
2.0,Lawnmower Man 2: Beyond Cyberspace (1996),Action|Sci-Fi|Thriller
3.0,Dune (2000),Drama|Fantasy|Sci-Fi
3.5,"Punisher, The (2004)",Action|Crime|Thriller
3.5,Secret Window (2004),Mystery|Thriller
2.5,Now You See Me (2013),Crime|Mystery|Thriller
3.5,Quantum of Solace (2008),Action|Adventure|Thriller
4.0,Legends of the Fall (1994),Drama|Romance|War|Western
4.0,"Beverly Hillbillies, The (1993)",Comedy
4.5,Dirty Harry (1971),Action|Crime|Thriller
5.0,Velvet Goldmine (1998),Drama
3.0,Troy (2004),Action|Adventure|Drama|War
5.0,Homeward Bound II: Lost in San Francisco (1996),Adventure|Children
5.0,"World of Apu, The (Apur Sansar) (1959)",Drama
2.0,Lucky Numbers (2000),Comedy|Drama
4.0,Despicable Me 2 (2013),Animation|Children|Comedy|IMAX
2.0,Airplane II: The Sequel (1982),Comedy
3.0,Casper (1995),Adventure|Children
4.0,Anna and the King (1999),Drama|Romance
3.0,Serenity (2005),Action|Adventure|Sci-Fi
4.0,Meet the Parents (2000),Comedy
3.5,Enemy at the Gates (2001),Drama|War
5.0,Cabaret (1972),Drama|Musical
1.0,From Dusk Till Dawn (1996),Action|Comedy|Horror|Thriller
3.0,Bad Girls (1994),Western
3.0,Sgt. Bilko (1996),Comedy
5.0,"Lord of the Rings: The Two Towers, The (2002)",Adventure|Fantasy
4.0,Westworld (1973),Action|Sci-Fi|Thriller|Western
4.0,"Family, The (2013)",Action|Comedy|Crime
3.5,"Rocketeer, The (1991)",Action|Adventure|Sci-Fi
4.0,"World According to Garp, The (1982)",Comedy|Drama|Romance
4.0,"Sting, The (1973)",Comedy|Crime
4.0,Hannibal Rising (2007),Drama|Horror|Thriller
3.0,"Dark Half, The (1993)",Horror|Mystery
1.0,Six-String Samurai (1998),Action|Adventure|Sci-Fi
3.0,Bonnie and Clyde (1967),Crime|Drama
3.0,William Shakespeare's Romeo + Juliet (1996),Drama|Romance
4.0,Babe (1995),Children|Drama
4.0,"10,000 BC (2008)",Adventure|Romance|Thriller
5.0,"Fugitive, The (1993)",Thriller
3.0,Sliver (1993),Thriller
2.0,"Christmas Story, A (1983)",Children|Comedy
3.0,Alive (1993),Drama
3.5,Peter Pan (1960),Children|Fantasy|Musical
2.0,Requiem for a Dream (2000),Drama
5.0,"Godfather: Part II, The (1974)",Crime|Drama
1.0,Rio Lobo (1970),Adventure|Romance|War|Western
3.5,"Bourne Supremacy, The (2004)",Action|Crime|Thriller
2.0,"Witchfinder General (Conquerer Worm, The) (1968)",Horror
3.0,Hamlet (1990),Drama
3.5,About a Boy (2002),Comedy|Drama|Romance
4.0,Brave (2012),Action|Adventure|Animation|Children
0.5,"Patriot, The (2000)",Action|Drama|War
4.0,Boys on the Side (1995),Comedy|Drama
4.0,Little Voice (1998),Comedy
3.0,"River Wild, The (1994)",Action|Thriller
4.0,Dazed and Confused (1993),Comedy
2.0,"Saint, The (1997)",Action|Romance|Sci-Fi|Thriller
5.0,To Be or Not to Be (1942),Comedy|Drama|War
4.5,Bullitt (1968),Action|Crime|Drama|Thriller
3.0,Bully (2001),Crime|Drama|Thriller
4.0,Malcolm X (1992),Drama
5.0,District 9 (2009),Mystery|Sci-Fi|Thriller
5.0,Hope and Glory (1987),Drama
3.0,"Sound of Music, The (1965)",Musical|Romance
3.5,Drinking Buddies (2013),Comedy|Drama|Romance
4.0,Galaxy Quest (1999),Adventure|Comedy|Sci-Fi
4.0,Harry Potter and the Prisoner of Azkaban (2004),Adventure|Fantasy|IMAX
3.0,Life with Mikey (1993),Comedy
3.0,Citizen Ruth (1996),Comedy|Drama
4.5,Star Trek: Insurrection (1998),Action|Drama|Romance|Sci-Fi
4.0,Tommy Boy (1995),Comedy
3.0,Cast Away (2000),Drama
3.0,Four Weddings and a Funeral (1994),Comedy|Romance
2.5,"Birdcage, The (1996)",Comedy
3.0,Loser (2000),Comedy|Romance
3.0,"Crossing Guard, The (1995)",Action|Crime|Drama|Thriller
4.0,Bound (1996),Crime|Drama|Romance|Thriller
5.0,Winnie the Pooh and the Blustery Day (1968),Animation|Children|Musical
4.0,Equilibrium (2002),Action|Sci-Fi|Thriller
3.5,Exotica (1994),Drama
3.0,Mulholland Falls (1996),Crime|Drama|Thriller
3.0,Coneheads (1993),Comedy|Sci-Fi
4.0,Murphy's Romance (1985),Comedy|Romance
4.0,GoldenEye (1995),Action|Adventure|Thriller
4.0,Addams Family Values (1993),Children|Comedy|Fantasy
5.0,Bolt (2008),Action|Adventure|Animation|Children|Comedy
3.0,Con Air (1997),Action|Adventure|Thriller
3.0,Grumpier Old Men (1995),Comedy|Romance
4.0,"Insider, The (1999)",Drama|Thriller
4.0,"Man Who Knew Too Much, The (1934)",Drama|Thriller
4.0,Dangerous Liaisons (1988),Drama|Romance
4.0,8 Mile (2002),Drama
3.5,"War of the Worlds, The (1953)",Action|Drama|Sci-Fi
3.0,"Rock, The (1996)",Action|Adventure|Thriller
3.0,Copycat (1995),Crime|Drama|Horror|Mystery|Thriller
3.5,I Still Know What You Did Last Summer (1998),Horror|Mystery|Thriller
2.0,Elysium (2013),Action|Drama|Sci-Fi|IMAX
1.5,Harry Potter and the Chamber of Secrets (2002),Adventure|Fantasy
3.5,U-571 (2000),Action|Thriller|War
4.0,Manhattan Murder Mystery (1993),Comedy|Mystery
4.0,Red Rock West (1992),Thriller
4.0,"Transporter, The (2002)",Action|Crime
4.0,"Nutty Professor, The (1963)",Comedy|Sci-Fi
0.5,Wallace & Gromit in The Curse of the Were-Rabbit (2005),Adventure|Animation|Children|Comedy
2.5,Cry-Baby (1990),Comedy|Musical|Romance
4.0,Mars Attacks! (1996),Action|Comedy|Sci-Fi
3.0,About Last Night... (1986),Comedy|Drama|Romance
3.5,Curse of the Golden Flower (Man cheng jin dai huang jin jia) (2006),Action|Drama
3.5,"Woman in White, The (1948)",Mystery|Thriller
4.5,All the President's Men (1976),Drama|Thriller
0.5,Batman & Robin (1997),Action|Adventure|Fantasy|Thriller
3.0,Exorcist II: The Heretic (1977),Horror
3.0,AVP: Alien vs. Predator (2004),Action|Horror|Sci-Fi|Thriller
4.0,M (1931),Crime|Film-Noir|Thriller
3.5,You Were Never Lovelier (1942),Comedy|Musical|Romance
2.5,Spectre (2015),Action|Adventure|Crime
3.5,Clue (1985),Comedy|Crime|Mystery|Thriller
3.5,Letters from Iwo Jima (2006),Drama|War
4.0,Ransom (1996),Crime|Thriller
3.5,Igby Goes Down (2002),Comedy|Drama
3.0,Six Days Seven Nights (1998),Adventure|Comedy|Romance
4.0,Murder in the First (1995),Drama|Thriller
3.5,First Kid (1996),Children|Comedy
4.0,Network (1976),Comedy|Drama
5.0,Wallace & Gromit: A Close Shave (1995),Animation|Children|Comedy
4.5,The Imitation Game (2014),Drama|Thriller|War
3.5,Risky Business (1983),Comedy
4.0,Shanghai Triad (Yao a yao yao dao waipo qiao) (1995),Crime|Drama
4.0,Nixon (1995),Drama
3.0,21 Jump Street (2012),Action|Comedy|Crime
3.5,"Bodyguard, The (1992)",Drama|Romance|Thriller
4.0,"Muppet Movie, The (1979)",Adventure|Children|Comedy|Musical
3.0,Swingers (1996),Comedy|Drama
1.0,"Perfect Storm, The (2000)",Drama|Thriller
2.0,Shadow of the Vampire (2000),Drama|Horror
5.0,North by Northwest (1959),Action|Adventure|Mystery|Romance|Thriller
4.0,Run Fatboy Run (2007),Comedy|Romance
5.0,Chef (2014),Comedy
4.5,"American Crime, An (2007)",Crime
4.0,Restoration (1995),Drama
1.0,Saving Private Ryan (1998),Action|Drama|War
4.0,Scent of a Woman (1992),Drama
3.5,Planet 51 (2009),Adventure|Animation|Children|Comedy|Sci-Fi
4.0,Free Willy (1993),Adventure|Children|Drama
3.5,"Commitments, The (1991)",Comedy|Drama|Musical
2.5,"Lost World: Jurassic Park, The (1997)",Action|Adventure|Sci-Fi|Thriller
4.0,Shallow Hal (2001),Comedy|Fantasy|Romance
3.0,Dumb & Dumber (Dumb and Dumber) (1994),Adventure|Comedy
1.0,My Dog Skip (1999),Children|Drama
4.0,"Thousand Acres, A (1997)",Drama
1.5,Legion (2010),Action|Fantasy|Horror|Thriller
4.5,Children of Men (2006),Action|Adventure|Drama|Sci-Fi|Thriller
2.0,"Poseidon Adventure, The (1972)",Action|Adventure|Drama
3.0,"Favor, The (1994)",Comedy|Romance
3.0,Fury (2014),Action|Drama|War
4.0,"Last Picture Show, The (1971)",Drama
0.5,It's a Wonderful Life (1946),Drama|Fantasy|Romance
4.0,American Pie 2 (2001),Comedy
5.0,"Treasure of the Sierra Madre, The (1948)",Action|Adventure|Drama|Western
3.0,Super Size Me (2004),Comedy|Documentary|Drama
5.0,Seven (a.k.a. Se7en) (1995),Mystery|Thriller
4.5,Anastasia (1997),Adventure|Animation|Children|Drama|Musical
4.0,Deep Blue Sea (1999),Action|Horror|Sci-Fi|Thriller
3.0,"Civil Action, A (1998)",Drama
4.0,"Mask of Zorro, The (1998)",Action|Comedy|Romance
3.0,Flashdance (1983),Drama|Romance
2.0,Bride of the Wind (2001),Drama|Musical|Romance
2.0,Iron Man (2008),Action|Adventure|Sci-Fi
3.5,Boyz N the Hood (1991),Crime|Drama
4.0,Master and Commander: The Far Side of the World (2003),Adventure|Drama|War
4.0,"Ideal Husband, An (1999)",Comedy|Romance
1.5,"Dude, Where's My Car? (2000)",Comedy|Sci-Fi
4.5,"Change-Up, The (2011)",Comedy
3.5,Monster-in-Law (2005),Comedy|Romance
4.0,Ned Rifle (2014),Drama
5.0,Amistad (1997),Drama|Mystery
1.5,MacGruber (2010),Action|Comedy
2.0,Brewster's Millions (1985),Comedy
2.5,Fantasia (1940),Animation|Children|Fantasy|Musical
3.5,Alice in Wonderland (1933),Adventure|Children|Fantasy
5.0,Porco Rosso (Crimson Pig) (Kurenai no buta) (1992),Adventure|Animation|Comedy|Fantasy|Romance
2.0,Grand Illusion (La grande illusion) (1937),Drama|War
5.0,"Man Without a Face, The (1993)",Drama
5.0,Tomorrow Never Dies (1997),Action|Adventure|Thriller
3.5,"Chorus, The (Choristes, Les) (2004)",Drama
0.5,Harry Potter and the Sorcerer's Stone (a.k.a. Harry Potter and the Philosopher's Stone) (2001),Adventure|Children|Fantasy
3.0,"4 Months, 3 Weeks and 2 Days (4 luni, 3 saptamâni si 2 zile) (2007)",Drama
4.0,"Bedroom Window, The (1987)",Thriller
3.5,Singin' in the Rain (1952),Comedy|Musical|Romance
5.0,"Thin Line Between Love and Hate, A (1996)",Comedy
3.0,"Time to Kill, A (1996)",Drama|Thriller
4.0,Bad Day at Black Rock (1955),Drama|Thriller|Western
0.5,Anger Management (2003),Comedy
1.5,Big Daddy (1999),Comedy
2.5,Jumpin' Jack Flash (1986),Action|Comedy|Romance|Thriller
3.0,"World Is Not Enough, The (1999)",Action|Adventure|Thriller
3.0,"Mighty Heart, A (2007)",Drama|Thriller
3.5,Juno (2007),Comedy|Drama|Romance
3.0,Angels and Insects (1995),Drama|Romance
5.0,Crash (2004),Crime|Drama
4.0,"Silence of the Lambs, The (1991)",Crime|Horror|Thriller
3.0,After the Wedding (Efter brylluppet) (2006),Drama
4.0,Flying Tigers (1942),Action|Drama|Romance|War
1.0,Journey to the Center of the Earth (2008),Action|Adventure|Sci-Fi
4.0,Remember the Titans (2000),Drama
4.0,"Pianist, The (2002)",Drama|War
4.0,Fierce Creatures (1997),Comedy
3.5,Ong-Bak 2: The Beginning (Ong Bak 2) (2008),Action
4.0,"40-Year-Old Virgin, The (2005)",Comedy|Romance
4.0,"Last Boy Scout, The (1991)",Action|Comedy|Crime|Drama|Thriller
5.0,Patton (1970),Drama|War
4.0,"Duellists, The (1977)",Action|War
3.5,Biloxi Blues (1988),Comedy|Drama
3.5,"Last House on the Left, The (2009)",Drama|Horror|Thriller
2.0,"Nutty Professor, The (1996)",Comedy|Fantasy|Romance|Sci-Fi
1.0,How the Grinch Stole Christmas (a.k.a. The Grinch) (2000),Children|Comedy|Fantasy
3.0,In Search of a Midnight Kiss (2007),Comedy|Romance
3.0,"Governess, The (1998)",Drama|Romance
4.0,Love & Human Remains (1993),Comedy|Drama
4.0,Jaws 2 (1978),Horror|Thriller
1.5,Chain Reaction (1996),Action|Adventure|Thriller
2.0,Star Wars: Episode III - Revenge of the Sith (2005),Action|Adventure|Sci-Fi
3.5,Sense and Sensibility (1995),Drama|Romance
4.0,Better Off Dead... (1985),Comedy|Romance
5.0,Ghost in the Shell (Kôkaku kidôtai) (1995),Animation|Sci-Fi
5.0,Dr. Horrible's Sing-Along Blog (2008),Comedy|Drama|Musical|Sci-Fi
2.5,I Know What You Did Last Summer (1997),Horror|Mystery|Thriller
4.5,Adaptation (2002),Comedy|Drama|Romance
4.0,Kundun (1997),Drama
3.5,G.I. Jane (1997),Action|Drama
3.0,Uncle Buck (1989),Comedy
4.0,"Triumph of Love, The (2001)",Comedy
5.0,Just Cause (1995),Mystery|Thriller
3.0,Mighty Joe Young (1998),Action|Adventure|Drama|Fantasy|Thriller
2.5,Dracula (Bram Stoker's Dracula) (1992),Fantasy|Horror|Romance|Thriller
3.5,"Absent-Minded Professor, The (1961)",Children|Comedy|Fantasy
3.0,American Beauty (1999),Drama|Romance
1.0,Richie Rich (1994),Children|Comedy
3.5,"Walk in the Clouds, A (1995)",Drama|Romance
4.5,Tin Man (2007),Adventure|Fantasy|Sci-Fi
4.0,Citizen Kane (1941),Drama|Mystery
4.0,Baraka (1992),Documentary
5.0,"Dictator, The (2012)",Comedy
5.0,"Elephant Man, The (1980)",Drama
4.5,"Day of the Jackal, The (1973)",Crime|Thriller
4.0,Deliverance (1972),Adventure|Drama|Thriller
3.5,Red (2010),Action|Comedy
5.0,She's the Man (2006),Comedy|Romance
2.0,How to Train Your Dragon (2010),Adventure|Animation|Children|Fantasy|IMAX
4.0,"Third Man, The (1949)",Film-Noir|Mystery|Thriller
4.0,Ice Age (2002),Adventure|Animation|Children|Comedy
2.0,I Could Never Be Your Woman (2007),Comedy|Romance
4.0,Batman: Mask of the Phantasm (1993),Animation|Children
2.5,"Wrong Man, The (1956)",Drama|Film-Noir|Thriller
3.0,10 Items or Less (2006),Comedy|Drama|Romance
5.0,Gentleman's Agreement (1947),Drama
5.0,Underworld: Evolution (2006),Action|Fantasy|Horror
3.0,Everyone Says I Love You (1996),Comedy|Musical|Romance
2.5,Smokey and the Bandit II (1980),Action|Comedy
5.0,"Naked Gun: From the Files of Police Squad!, The (1988)",Action|Comedy|Crime|Romance
4.0,Babette's Feast (Babettes gæstebud) (1987),Drama
4.0,Hud (1963),Drama|Western
3.0,"Affair to Remember, An (1957)",Drama|Romance
2.5,"Long Way Down, A (2014)",Comedy|Drama
3.0,Lost in Space (1998),Action|Adventure|Sci-Fi
5.0,Fido (2006),Comedy|Horror|Thriller
3.0,"Peacemaker, The (1997)",Action|Thriller|War
3.5,My Man Godfrey (1936),Comedy|Romance
2.5,V for Vendetta (2006),Action|Sci-Fi|Thriller|IMAX
3.5,"Letter, The (1940)",Drama|Film-Noir
1.0,Shark Tale (2004),Animation|Children|Comedy
5.0,Six Degrees of Separation (1993),Drama
4.5,Stripes (1981),Comedy|War
3.5,Fletch (1985),Comedy|Crime|Mystery
3.0,Superman (1978),Action|Adventure|Sci-Fi
4.0,Monkey Shines (1988),Horror|Sci-Fi
2.0,"Haunting, The (1963)",Horror|Thriller
3.0,Willy Wonka & the Chocolate Factory (1971),Children|Comedy|Fantasy|Musical
5.0,"Mariachi, El (1992)",Action|Crime|Thriller|Western
2.0,Glorious 39 (2009),Drama|Romance|Thriller|War
4.0,"Joy Luck Club, The (1993)",Drama|Romance
4.5,Looper (2012),Action|Crime|Sci-Fi
2.0,Ed (1996),Comedy
4.0,Run Lola Run (Lola rennt) (1998),Action|Crime
1.5,"Paperboy, The (2012)",Thriller
4.5,Dreamcatcher (2003),Drama|Horror|Sci-Fi|Thriller
4.5,Get Him to the Greek (2010),Comedy
2.5,Practical Magic (1998),Drama|Fantasy|Mystery|Romance
4.5,"Hobbit: The Desolation of Smaug, The (2013)",Adventure|Fantasy|IMAX
1.0,Star Trek V: The Final Frontier (1989),Action|Sci-Fi
4.0,In Bruges (2008),Comedy|Crime|Drama|Thriller
3.0,Dark Shadows (2012),Comedy|Horror|IMAX
3.0,"Paper, The (1994)",Comedy|Drama
4.0,"Fountain, The (2006)",Drama|Fantasy|Romance
3.5,"Arrival, The (1996)",Action|Sci-Fi|Thriller
3.0,Death Wish 3 (1985),Action|Drama
4.5,Excalibur (1981),Adventure|Fantasy
4.0,Come and See (Idi i smotri) (1985),Drama|War
3.0,Shaolin Soccer (Siu lam juk kau) (2001),Action|Comedy
2.5,Tales from the Crypt Presents: Bordello of Blood (1996),Comedy|Horror
3.0,"Nightmare on Elm Street 2: Freddy's Revenge, A (1985)",Horror
3.5,"Pagemaster, The (1994)",Action|Adventure|Animation|Children|Fantasy
4.0,District 13 (Banlieue 13) (2004),Action|Crime|Sci-Fi
4.0,Jumper (2008),Action|Adventure|Drama|Sci-Fi|Thriller
4.0,Moulin Rouge (2001),Drama|Musical|Romance
4.0,Proof (2005),Drama
2.0,Born Yesterday (1993),Comedy|Romance
2.0,"Aristocats, The (1970)",Animation|Children
2.0,"To Wong Foo, Thanks for Everything! Julie Newmar (1995)",Comedy
4.0,"People vs. Larry Flynt, The (1996)",Comedy|Drama
3.0,Roman Holiday (1953),Comedy|Drama|Romance
4.0,Don Juan DeMarco (1995),Comedy|Drama|Romance
3.0,Down and Out in Beverly Hills (1986),Comedy
2.0,"Devil's Advocate, The (1997)",Drama|Mystery|Thriller
2.5,"Hidden, The (1987)",Action|Horror|Sci-Fi
4.0,It Could Happen to You (1994),Comedy|Drama|Romance
2.0,Lost in Translation (2003),Comedy|Drama|Romance
3.5,Alexander the Great (1956),Drama
3.0,7 Boxes (2012),Thriller
3.5,Germany Year Zero (Germania anno zero) (Deutschland im Jahre Null) (1948),Drama|War
3.0,Space Jam (1996),Adventure|Animation|Children|Comedy|Fantasy|Sci-Fi
2.5,Shattered Glass (2003),Crime|Drama
2.0,Ed Wood (1994),Comedy|Drama
1.5,Funny Games (1997),Drama|Horror|Thriller
2.5,National Velvet (1944),Children|Drama
3.0,From Russia with Love (1963),Action|Adventure|Thriller
4.0,Panic Room (2002),Thriller
4.5,Cinema Paradiso (Nuovo cinema Paradiso) (1989),Drama
3.5,"Girl, Interrupted (1999)",Drama
5.0,Jurassic Park III (2001),Action|Adventure|Sci-Fi|Thriller
4.0,Striking Distance (1993),Action|Crime
5.0,Gosford Park (2001),Comedy|Drama|Mystery
1.5,Gigli (2003),Comedy|Crime|Romance
2.0,Fantastic Voyage (1966),Adventure|Sci-Fi
3.0,Gregory's Girl (1981),Comedy|Romance
1.5,This Christmas (2007),Comedy|Drama|Romance
3.0,Rambo: First Blood Part II (1985),Action|Adventure|Thriller
3.0,Star Trek IV: The Voyage Home (1986),Adventure|Comedy|Sci-Fi
2.5,"Godson, The (1998)",Comedy|Crime
5.0,My Cousin Vinny (1992),Comedy
2.0,"Rainmaker, The (1997)",Drama
2.5,Impact (1949),Crime|Drama
4.0,Bambi (1942),Animation|Children|Drama
4.5,Total Recall (1990),Action|Adventure|Sci-Fi|Thriller
5.0,Touch of Evil (1958),Crime|Film-Noir|Thriller
3.0,What's Love Got to Do with It? (1993),Drama|Musical
3.0,American Reunion (American Pie 4) (2012),Comedy
2.0,"Osterman Weekend, The (1983)",Action|Thriller
3.0,Friends with Benefits (2011),Comedy|Romance
3.0,Sabrina (1995),Comedy|Romance
3.0,Prince of Persia: The Sands of Time (2010),Action|Adventure|Fantasy|Romance|IMAX
3.0,"Wild Geese, The (1978)",Action|Adventure|Drama|War
2.0,Paycheck (2003),Action|Sci-Fi|Thriller
2.5,Dobermann (1997),Action|Crime
4.5,Ice Age 2: The Meltdown (2006),Adventure|Animation|Children|Comedy
3.0,Water for Elephants (2011),Drama|Romance
3.5,"Tomorrow, When the War Began (2010)",Action|Adventure|Drama
5.0,Waiting for Guffman (1996),Comedy
4.0,"Dark Crystal, The (1982)",Adventure|Fantasy
3.0,Felicia's Journey (1999),Thriller
5.0,"Great Escape, The (1963)",Action|Adventure|Drama|War
4.0,Phantom of the Opera (1943),Horror|Musical|Thriller
4.0,"Outlaw Josey Wales, The (1976)",Action|Adventure|Drama|Thriller|Western
3.0,If Lucy Fell (1996),Comedy|Romance
4.0,House on Haunted Hill (1999),Horror|Thriller
5.0,"Bridge on the River Kwai, The (1957)",Adventure|Drama|War
2.5,Renaissance (2006),Action|Animation|Film-Noir|Sci-Fi|Thriller
2.5,The Sorcerers (1967),Horror
4.0,My Neighbor Totoro (Tonari no Totoro) (1988),Animation|Children|Drama|Fantasy
3.0,Undercover Brother (2002),Comedy
3.0,Frequency (2000),Drama|Thriller
4.0,Wag the Dog (1997),Comedy
4.0,Slumdog Millionaire (2008),Crime|Drama|Romance
4.0,Lethal Weapon 2 (1989),Action|Comedy|Crime|Drama
2.0,Bio-Dome (1996),Comedy
4.0,8MM (1999),Drama|Mystery|Thriller
5.0,Bringing Up Baby (1938),Comedy|Romance
3.0,Exit Wounds (2001),Action|Thriller
5.0,Shall We Dance? (Shall We Dansu?) (1996),Comedy|Drama|Romance
3.5,"Return of the Living Dead, The (1985)",Comedy|Horror|Sci-Fi
3.5,Babel (2006),Drama|Thriller
3.0,Pork Chop Hill (1959),War
2.0,"Perfect Murder, A (1998)",Thriller
4.0,Magnum Force (1973),Action|Crime|Drama|Thriller
4.0,Lemony Snicket's A Series of Unfortunate Events (2004),Adventure|Children|Comedy|Fantasy
4.0,Above the Rim (1994),Crime|Drama
3.0,Heavy (1995),Drama|Romance
3.0,Licence to Kill (1989),Action|Adventure|Thriller
2.0,Dr. Dolittle (1998),Comedy
3.0,Eddie and the Cruisers (1983),Drama|Musical|Mystery
3.5,Lilo & Stitch (2002),Adventure|Animation|Children|Sci-Fi
3.0,O (2001),Drama
4.5,White Heat (1949),Crime|Drama|Film-Noir
4.0,"Shining, The (1980)",Horror
2.0,True Lies (1994),Action|Adventure|Comedy|Romance|Thriller
3.0,Cookie's Fortune (1999),Comedy|Drama
4.0,Man on Fire (2004),Action|Crime|Drama|Mystery|Thriller
2.5,Play Misty for Me (1971),Drama|Thriller
5.0,Stand by Me (1986),Adventure|Drama
4.0,Batman Begins (2005),Action|Crime|IMAX
4.5,Repulsion (1965),Drama|Horror
5.0,"Way of the Gun, The (2000)",Crime|Thriller
3.5,Women on the Verge of a Nervous Breakdown (Mujeres al borde de un ataque de nervios) (1988),Comedy|Drama
4.5,Crumb (1994),Documentary
1.0,"Knight's Tale, A (2001)",Action|Comedy|Romance
5.0,Iron Eagle II (1988),Action|War
3.0,Ringu (Ring) (1998),Horror|Mystery|Thriller
4.0,Underneath (1995),Mystery|Thriller
4.0,Evita (1996),Drama|Musical
4.0,Last Orders (2001),Drama
4.0,Fallen (1998),Crime|Drama|Fantasy|Thriller
4.0,Temptress Moon (Feng Yue) (1996),Romance
4.0,Seconds (1966),Mystery|Sci-Fi|Thriller
4.0,Pumping Iron (1977),Documentary
4.0,Little Shop of Horrors (1986),Comedy|Horror|Musical
5.0,Patriot Games (1992),Action|Crime|Drama|Thriller
4.0,"Friends of Eddie Coyle, The (1973)",Crime|Drama|Thriller
3.0,JFK (1991),Drama|Mystery|Thriller
4.0,The Drop (2014),Crime|Drama|Thriller
4.5,Fahrenheit 9/11 (2004),Documentary
3.0,Recess: School's Out (2001),Animation|Children
4.5,"Cider House Rules, The (1999)",Drama
1.0,Bubble Boy (2001),Comedy
3.0,Star Trek VI: The Undiscovered Country (1991),Action|Mystery|Sci-Fi
4.0,Serpico (1973),Crime|Drama
3.5,"Chronicles of Riddick, The (2004)",Action|Sci-Fi|Thriller
3.5,Compliance (2012),Drama|Thriller
4.0,Skyfall (2012),Action|Adventure|Thriller|IMAX
4.0,Sideways (2004),Comedy|Drama|Romance
3.0,Croupier (1998),Crime|Drama
4.5,Little Miss Sunshine (2006),Adventure|Comedy|Drama
5.0,No Man's Land (2001),Drama|War
2.5,21 Grams (2003),Crime|Drama|Mystery|Romance|Thriller
3.5,Fast Times at Ridgemont High (1982),Comedy|Drama|Romance
3.5,Jesse Stone: No Remorse (2010),Crime|Mystery
4.0,The Missouri Breaks (1976),Drama|Western
3.0,"Fisher King, The (1991)",Comedy|Drama|Fantasy|Romance
4.0,Ferris Bueller's Day Off (1986),Comedy
2.0,King Kong (1933),Action|Adventure|Fantasy|Horror
1.0,Wyatt Earp (1994),Western
4.0,"Far Off Place, A (1993)",Adventure|Children|Drama|Romance
3.5,"Big Hit, The (1998)",Action|Comedy|Crime
